cls	key	bin	value
mhc1	ctx:flankN-3	-	0.008136
mhc1	ctx:flankN-3	A	0.074228
mhc1	ctx:flankN-3	C	0.018516
mhc1	ctx:flankN-3	D	0.047463
mhc1	ctx:flankN-3	E	0.072804
mhc1	ctx:flankN-3	F	0.035838
mhc1	ctx:flankN-3	G	0.052537
mhc1	ctx:flankN-3	H	0.024407
mhc1	ctx:flankN-3	I	0.045038
mhc1	ctx:flankN-3	K	0.061714
mhc1	ctx:flankN-3	L	0.105387
mhc1	ctx:flankN-3	M	0.024465
mhc1	ctx:flankN-3	N	0.039239
mhc1	ctx:flankN-3	P	0.039398
mhc1	ctx:flankN-3	Q	0.051210
mhc1	ctx:flankN-3	R	0.061944
mhc1	ctx:flankN-3	S	0.077283
mhc1	ctx:flankN-3	T	0.055203
mhc1	ctx:flankN-3	U	0.000003
mhc1	ctx:flankN-3	V	0.065627
mhc1	ctx:flankN-3	W	0.010873
mhc1	ctx:flankN-3	Y	0.028688
mhc1	ctx:flankN-2	-	0.006062
mhc1	ctx:flankN-2	A	0.080116
mhc1	ctx:flankN-2	C	0.021919
mhc1	ctx:flankN-2	D	0.046716
mhc1	ctx:flankN-2	E	0.072094
mhc1	ctx:flankN-2	F	0.037435
mhc1	ctx:flankN-2	G	0.057433
mhc1	ctx:flankN-2	H	0.024744
mhc1	ctx:flankN-2	I	0.039947
mhc1	ctx:flankN-2	K	0.060370
mhc1	ctx:flankN-2	L	0.104568
mhc1	ctx:flankN-2	M	0.025181
mhc1	ctx:flankN-2	N	0.039773
mhc1	ctx:flankN-2	P	0.035677
mhc1	ctx:flankN-2	Q	0.051153
mhc1	ctx:flankN-2	R	0.057178
mhc1	ctx:flankN-2	S	0.082213
mhc1	ctx:flankN-2	T	0.055190
mhc1	ctx:flankN-2	U	0.000003
mhc1	ctx:flankN-2	V	0.062214
mhc1	ctx:flankN-2	W	0.010499
mhc1	ctx:flankN-2	X	0.000005
mhc1	ctx:flankN-2	Y	0.029507
mhc1	ctx:flankN-1	-	0.002206
mhc1	ctx:flankN-1	A	0.084775
mhc1	ctx:flankN-1	C	0.021343
mhc1	ctx:flankN-1	D	0.052714
mhc1	ctx:flankN-1	E	0.070964
mhc1	ctx:flankN-1	F	0.041809
mhc1	ctx:flankN-1	G	0.060853
mhc1	ctx:flankN-1	H	0.023316
mhc1	ctx:flankN-1	I	0.038479
mhc1	ctx:flankN-1	K	0.059872
mhc1	ctx:flankN-1	L	0.115057
mhc1	ctx:flankN-1	M	0.027462
mhc1	ctx:flankN-1	N	0.038931
mhc1	ctx:flankN-1	P	0.031545
mhc1	ctx:flankN-1	Q	0.045695
mhc1	ctx:flankN-1	R	0.059665
mhc1	ctx:flankN-1	S	0.081422
mhc1	ctx:flankN-1	T	0.047453
mhc1	ctx:flankN-1	V	0.053088
mhc1	ctx:flankN-1	W	0.011865
mhc1	ctx:flankN-1	Y	0.031485
mhc1	ctx:ligN+1	-	0.000002
mhc1	ctx:ligN+1	A	0.091833
mhc1	ctx:ligN+1	C	0.020800
mhc1	ctx:ligN+1	D	0.043469
mhc1	ctx:ligN+1	E	0.063430
mhc1	ctx:ligN+1	F	0.047795
mhc1	ctx:ligN+1	G	0.053452
mhc1	ctx:ligN+1	H	0.032342
mhc1	ctx:ligN+1	I	0.050346
mhc1	ctx:ligN+1	K	0.082916
mhc1	ctx:ligN+1	L	0.075474
mhc1	ctx:ligN+1	M	0.019188
mhc1	ctx:ligN+1	N	0.030555
mhc1	ctx:ligN+1	P	0.014563
mhc1	ctx:ligN+1	Q	0.037957
mhc1	ctx:ligN+1	R	0.075549
mhc1	ctx:ligN+1	S	0.094753
mhc1	ctx:ligN+1	T	0.057374
mhc1	ctx:ligN+1	V	0.062541
mhc1	ctx:ligN+1	W	0.005525
mhc1	ctx:ligN+1	Y	0.040138
mhc1	ctx:ligN+2	-	0.000002
mhc1	ctx:ligN+2	A	0.082427
mhc1	ctx:ligN+2	C	0.020800
mhc1	ctx:ligN+2	D	0.023137
mhc1	ctx:ligN+2	E	0.131252
mhc1	ctx:ligN+2	F	0.024754
mhc1	ctx:ligN+2	G	0.031667
mhc1	ctx:ligN+2	H	0.024175
mhc1	ctx:ligN+2	I	0.047353
mhc1	ctx:ligN+2	K	0.018285
mhc1	ctx:ligN+2	L	0.123295
mhc1	ctx:ligN+2	M	0.016221
mhc1	ctx:ligN+2	N	0.013757
mhc1	ctx:ligN+2	P	0.088719
mhc1	ctx:ligN+2	Q	0.049745
mhc1	ctx:ligN+2	R	0.059116
mhc1	ctx:ligN+2	S	0.066590
mhc1	ctx:ligN+2	T	0.061213
mhc1	ctx:ligN+2	V	0.075687
mhc1	ctx:ligN+2	W	0.003655
mhc1	ctx:ligN+2	Y	0.038150
mhc1	ctx:ligN+3	-	0.000002
mhc1	ctx:ligN+3	A	0.085472
mhc1	ctx:ligN+3	C	0.020800
mhc1	ctx:ligN+3	D	0.068257
mhc1	ctx:ligN+3	E	0.048078
mhc1	ctx:ligN+3	F	0.060069
mhc1	ctx:ligN+3	G	0.040968
mhc1	ctx:ligN+3	H	0.028283
mhc1	ctx:ligN+3	I	0.068299
mhc1	ctx:ligN+3	K	0.055803
mhc1	ctx:ligN+3	L	0.102895
mhc1	ctx:ligN+3	M	0.022394
mhc1	ctx:ligN+3	N	0.039448
mhc1	ctx:ligN+3	P	0.048415
mhc1	ctx:ligN+3	Q	0.041209
mhc1	ctx:ligN+3	R	0.042265
mhc1	ctx:ligN+3	S	0.065477
mhc1	ctx:ligN+3	T	0.039934
mhc1	ctx:ligN+3	V	0.063786
mhc1	ctx:ligN+3	W	0.012011
mhc1	ctx:ligN+3	Y	0.046135
mhc1	ctx:ligC-3	-	0.000002
mhc1	ctx:ligC-3	A	0.069835
mhc1	ctx:ligC-3	C	0.020800
mhc1	ctx:ligC-3	D	0.032770
mhc1	ctx:ligC-3	E	0.068996
mhc1	ctx:ligC-3	F	0.034401
mhc1	ctx:ligC-3	G	0.032712
mhc1	ctx:ligC-3	H	0.039094
mhc1	ctx:ligC-3	I	0.060951
mhc1	ctx:ligC-3	K	0.048803
mhc1	ctx:ligC-3	L	0.110546
mhc1	ctx:ligC-3	M	0.016161
mhc1	ctx:ligC-3	N	0.039716
mhc1	ctx:ligC-3	P	0.057834
mhc1	ctx:ligC-3	Q	0.059162
mhc1	ctx:ligC-3	R	0.049136
mhc1	ctx:ligC-3	S	0.071529
mhc1	ctx:ligC-3	T	0.064748
mhc1	ctx:ligC-3	V	0.086238
mhc1	ctx:ligC-3	W	0.009473
mhc1	ctx:ligC-3	Y	0.027093
mhc1	ctx:ligC-2	-	0.000002
mhc1	ctx:ligC-2	A	0.086489
mhc1	ctx:ligC-2	C	0.020800
mhc1	ctx:ligC-2	D	0.023874
mhc1	ctx:ligC-2	E	0.081202
mhc1	ctx:ligC-2	F	0.031608
mhc1	ctx:ligC-2	G	0.048611
mhc1	ctx:ligC-2	H	0.028373
mhc1	ctx:ligC-2	I	0.033342
mhc1	ctx:ligC-2	K	0.066492
mhc1	ctx:ligC-2	L	0.098368
mhc1	ctx:ligC-2	M	0.013299
mhc1	ctx:ligC-2	N	0.037634
mhc1	ctx:ligC-2	P	0.032105
mhc1	ctx:ligC-2	Q	0.060157
mhc1	ctx:ligC-2	R	0.049479
mhc1	ctx:ligC-2	S	0.098139
mhc1	ctx:ligC-2	T	0.080849
mhc1	ctx:ligC-2	V	0.075162
mhc1	ctx:ligC-2	W	0.003698
mhc1	ctx:ligC-2	Y	0.030318
mhc1	ctx:ligC-1	-	0.000002
mhc1	ctx:ligC-1	A	0.047152
mhc1	ctx:ligC-1	C	0.020800
mhc1	ctx:ligC-1	D	0.006364
mhc1	ctx:ligC-1	E	0.008663
mhc1	ctx:ligC-1	F	0.106269
mhc1	ctx:ligC-1	G	0.008994
mhc1	ctx:ligC-1	H	0.008614
mhc1	ctx:ligC-1	I	0.077202
mhc1	ctx:ligC-1	K	0.058961
mhc1	ctx:ligC-1	L	0.282271
mhc1	ctx:ligC-1	M	0.026890
mhc1	ctx:ligC-1	N	0.006047
mhc1	ctx:ligC-1	P	0.014411
mhc1	ctx:ligC-1	Q	0.007774
mhc1	ctx:ligC-1	R	0.054721
mhc1	ctx:ligC-1	S	0.010231
mhc1	ctx:ligC-1	T	0.016096
mhc1	ctx:ligC-1	V	0.093674
mhc1	ctx:ligC-1	W	0.033686
mhc1	ctx:ligC-1	Y	0.111179
mhc1	ctx:flankC+1	-	0.009453
mhc1	ctx:flankC+1	A	0.085335
mhc1	ctx:flankC+1	C	0.022551
mhc1	ctx:flankC+1	D	0.039519
mhc1	ctx:flankC+1	E	0.056514
mhc1	ctx:flankC+1	F	0.032817
mhc1	ctx:flankC+1	G	0.060801
mhc1	ctx:flankC+1	H	0.028708
mhc1	ctx:flankC+1	I	0.033069
mhc1	ctx:flankC+1	K	0.075845
mhc1	ctx:flankC+1	L	0.089110
mhc1	ctx:flankC+1	M	0.021818
mhc1	ctx:flankC+1	N	0.040187
mhc1	ctx:flankC+1	P	0.038939
mhc1	ctx:flankC+1	Q	0.054645
mhc1	ctx:flankC+1	R	0.072631
mhc1	ctx:flankC+1	S	0.093843
mhc1	ctx:flankC+1	T	0.052873
mhc1	ctx:flankC+1	U	0.000017
mhc1	ctx:flankC+1	V	0.055751
mhc1	ctx:flankC+1	W	0.008144
mhc1	ctx:flankC+1	Y	0.027430
mhc1	ctx:flankC+2	-	0.011281
mhc1	ctx:flankC+2	A	0.074299
mhc1	ctx:flankC+2	C	0.019086
mhc1	ctx:flankC+2	D	0.050341
mhc1	ctx:flankC+2	E	0.068827
mhc1	ctx:flankC+2	F	0.031257
mhc1	ctx:flankC+2	G	0.065459
mhc1	ctx:flankC+2	H	0.024536
mhc1	ctx:flankC+2	I	0.042471
mhc1	ctx:flankC+2	K	0.069695
mhc1	ctx:flankC+2	L	0.099035
mhc1	ctx:flankC+2	M	0.022230
mhc1	ctx:flankC+2	N	0.041064
mhc1	ctx:flankC+2	P	0.044211
mhc1	ctx:flankC+2	Q	0.050356
mhc1	ctx:flankC+2	R	0.063535
mhc1	ctx:flankC+2	S	0.077786
mhc1	ctx:flankC+2	T	0.051340
mhc1	ctx:flankC+2	U	0.000007
mhc1	ctx:flankC+2	V	0.058308
mhc1	ctx:flankC+2	W	0.010081
mhc1	ctx:flankC+2	Y	0.024797
mhc1	ctx:flankC+3	-	0.013901
mhc1	ctx:flankC+3	A	0.073592
mhc1	ctx:flankC+3	C	0.017818
mhc1	ctx:flankC+3	D	0.049866
mhc1	ctx:flankC+3	E	0.073595
mhc1	ctx:flankC+3	F	0.037978
mhc1	ctx:flankC+3	G	0.064038
mhc1	ctx:flankC+3	H	0.027736
mhc1	ctx:flankC+3	I	0.042024
mhc1	ctx:flankC+3	K	0.060253
mhc1	ctx:flankC+3	L	0.101287
mhc1	ctx:flankC+3	M	0.022050
mhc1	ctx:flankC+3	N	0.038769
mhc1	ctx:flankC+3	P	0.048128
mhc1	ctx:flankC+3	Q	0.049088
mhc1	ctx:flankC+3	R	0.053326
mhc1	ctx:flankC+3	S	0.078064
mhc1	ctx:flankC+3	T	0.051450
mhc1	ctx:flankC+3	U	0.000010
mhc1	ctx:flankC+3	V	0.058066
mhc1	ctx:flankC+3	W	0.011095
mhc1	ctx:flankC+3	Y	0.027866
mhc1	len	8	0.150153
mhc1	len	9	0.526381
mhc1	len	10	0.196127
mhc1	len	11	0.127339
mhc2	ctx:flankN-3	-	0.007250
mhc2	ctx:flankN-3	A	0.075347
mhc2	ctx:flankN-3	C	0.015335
mhc2	ctx:flankN-3	D	0.054963
mhc2	ctx:flankN-3	E	0.073785
mhc2	ctx:flankN-3	F	0.036347
mhc2	ctx:flankN-3	G	0.067035
mhc2	ctx:flankN-3	H	0.020903
mhc2	ctx:flankN-3	I	0.046945
mhc2	ctx:flankN-3	K	0.065176
mhc2	ctx:flankN-3	L	0.092797
mhc2	ctx:flankN-3	M	0.022087
mhc2	ctx:flankN-3	N	0.041853
mhc2	ctx:flankN-3	P	0.044020
mhc2	ctx:flankN-3	Q	0.046416
mhc2	ctx:flankN-3	R	0.053155
mhc2	ctx:flankN-3	S	0.073277
mhc2	ctx:flankN-3	T	0.057183
mhc2	ctx:flankN-3	U	0.000016
mhc2	ctx:flankN-3	V	0.064497
mhc2	ctx:flankN-3	W	0.011494
mhc2	ctx:flankN-3	Y	0.030121
mhc2	ctx:flankN-2	-	0.006170
mhc2	ctx:flankN-2	A	0.081062
mhc2	ctx:flankN-2	C	0.017520
mhc2	ctx:flankN-2	D	0.055332
mhc2	ctx:flankN-2	E	0.075170
mhc2	ctx:flankN-2	F	0.039861
mhc2	ctx:flankN-2	G	0.062946
mhc2	ctx:flankN-2	H	0.021010
mhc2	ctx:flankN-2	I	0.045683
mhc2	ctx:flankN-2	K	0.055174
mhc2	ctx:flankN-2	L	0.093797
mhc2	ctx:flankN-2	M	0.022221
mhc2	ctx:flankN-2	N	0.039195
mhc2	ctx:flankN-2	P	0.044870
mhc2	ctx:flankN-2	Q	0.045838
mhc2	ctx:flankN-2	R	0.044439
mhc2	ctx:flankN-2	S	0.076475
mhc2	ctx:flankN-2	T	0.056640
mhc2	ctx:flankN-2	U	0.000013
mhc2	ctx:flankN-2	V	0.074659
mhc2	ctx:flankN-2	W	0.011831
mhc2	ctx:flankN-2	Y	0.030094
mhc2	ctx:flankN-1	-	0.001043
mhc2	ctx:flankN-1	A	0.069953
mhc2	ctx:flankN-1	C	0.017391
mhc2	ctx:flankN-1	D	0.052821
mhc2	ctx:flankN-1	E	0.073881
mhc2	ctx:flankN-1	F	0.049494
mhc2	ctx:flankN-1	G	0.069779
mhc2	ctx:flankN-1	H	0.020769
mhc2	ctx:flankN-1	I	0.032541
mhc2	ctx:flankN-1	K	0.074972
mhc2	ctx:flankN-1	L	0.105757
mhc2	ctx:flankN-1	M	0.028321
mhc2	ctx:flankN-1	N	0.050815
mhc2	ctx:flankN-1	P	0.015426
mhc2	ctx:flankN-1	Q	0.050443
mhc2	ctx:flankN-1	R	0.060659
mhc2	ctx:flankN-1	S	0.070996
mhc2	ctx:flankN-1	T	0.058199
mhc2	ctx:flankN-1	U	0.000003
mhc2	ctx:flankN-1	V	0.044990
mhc2	ctx:flankN-1	W	0.013567
mhc2	ctx:flankN-1	Y	0.038181
mhc2	ctx:ligN+1	-	0.000003
mhc2	ctx:ligN+1	A	0.081466
mhc2	ctx:ligN+1	C	0.020800
mhc2	ctx:ligN+1	D	0.081571
mhc2	ctx:ligN+1	E	0.074644
mhc2	ctx:ligN+1	F	0.031370
mhc2	ctx:ligN+1	G	0.081918
mhc2	ctx:ligN+1	H	0.018554
mhc2	ctx:ligN+1	I	0.060653
mhc2	ctx:ligN+1	K	0.081598
mhc2	ctx:ligN+1	L	0.083665
mhc2	ctx:ligN+1	M	0.012049
mhc2	ctx:ligN+1	N	0.039483
mhc2	ctx:ligN+1	P	0.017415
mhc2	ctx:ligN+1	Q	0.024852
mhc2	ctx:ligN+1	R	0.050189
mhc2	ctx:ligN+1	S	0.078134
mhc2	ctx:ligN+1	T	0.054230
mhc2	ctx:ligN+1	V	0.073600
mhc2	ctx:ligN+1	W	0.007339
mhc2	ctx:ligN+1	Y	0.026468
mhc2	ctx:ligN+2	-	0.000003
mhc2	ctx:ligN+2	A	0.073645
mhc2	ctx:ligN+2	C	0.020800
mhc2	ctx:ligN+2	D	0.070137
mhc2	ctx:ligN+2	E	0.074603
mhc2	ctx:ligN+2	F	0.022379
mhc2	ctx:ligN+2	G	0.072731
mhc2	ctx:ligN+2	H	0.019121
mhc2	ctx:ligN+2	I	0.044265
mhc2	ctx:ligN+2	K	0.064463
mhc2	ctx:ligN+2	L	0.061036
mhc2	ctx:ligN+2	M	0.009392
mhc2	ctx:ligN+2	N	0.042690
mhc2	ctx:ligN+2	P	0.124025
mhc2	ctx:ligN+2	Q	0.043884
mhc2	ctx:ligN+2	R	0.049509
mhc2	ctx:ligN+2	S	0.069023
mhc2	ctx:ligN+2	T	0.050123
mhc2	ctx:ligN+2	V	0.065355
mhc2	ctx:ligN+2	W	0.004679
mhc2	ctx:ligN+2	Y	0.018136
mhc2	ctx:ligN+3	-	0.000003
mhc2	ctx:ligN+3	A	0.065052
mhc2	ctx:ligN+3	C	0.020800
mhc2	ctx:ligN+3	D	0.057421
mhc2	ctx:ligN+3	E	0.080907
mhc2	ctx:ligN+3	F	0.032719
mhc2	ctx:ligN+3	G	0.071818
mhc2	ctx:ligN+3	H	0.023184
mhc2	ctx:ligN+3	I	0.054064
mhc2	ctx:ligN+3	K	0.076376
mhc2	ctx:ligN+3	L	0.076413
mhc2	ctx:ligN+3	M	0.012309
mhc2	ctx:ligN+3	N	0.039383
mhc2	ctx:ligN+3	P	0.065330
mhc2	ctx:ligN+3	Q	0.047883
mhc2	ctx:ligN+3	R	0.059906
mhc2	ctx:ligN+3	S	0.063113
mhc2	ctx:ligN+3	T	0.049257
mhc2	ctx:ligN+3	V	0.065498
mhc2	ctx:ligN+3	W	0.008642
mhc2	ctx:ligN+3	Y	0.029921
mhc2	ctx:ligC-3	-	0.000003
mhc2	ctx:ligC-3	A	0.079095
mhc2	ctx:ligC-3	C	0.020800
mhc2	ctx:ligC-3	D	0.057392
mhc2	ctx:ligC-3	E	0.076982
mhc2	ctx:ligC-3	F	0.027135
mhc2	ctx:ligC-3	G	0.070405
mhc2	ctx:ligC-3	H	0.028025
mhc2	ctx:ligC-3	I	0.050210
mhc2	ctx:ligC-3	K	0.069016
mhc2	ctx:ligC-3	L	0.078456
mhc2	ctx:ligC-3	M	0.012550
mhc2	ctx:ligC-3	N	0.043925
mhc2	ctx:ligC-3	P	0.058189
mhc2	ctx:ligC-3	Q	0.046610
mhc2	ctx:ligC-3	R	0.064089
mhc2	ctx:ligC-3	S	0.072553
mhc2	ctx:ligC-3	T	0.044470
mhc2	ctx:ligC-3	V	0.067805
mhc2	ctx:ligC-3	W	0.006911
mhc2	ctx:ligC-3	Y	0.025380
mhc2	ctx:ligC-2	-	0.000003
mhc2	ctx:ligC-2	A	0.069674
mhc2	ctx:ligC-2	C	0.020800
mhc2	ctx:ligC-2	D	0.063589
mhc2	ctx:ligC-2	E	0.076246
mhc2	ctx:ligC-2	F	0.033627
mhc2	ctx:ligC-2	G	0.045309
mhc2	ctx:ligC-2	H	0.026824
mhc2	ctx:ligC-2	I	0.051094
mhc2	ctx:ligC-2	K	0.073316
mhc2	ctx:ligC-2	L	0.074423
mhc2	ctx:ligC-2	M	0.012513
mhc2	ctx:ligC-2	N	0.033961
mhc2	ctx:ligC-2	P	0.095854
mhc2	ctx:ligC-2	Q	0.044562
mhc2	ctx:ligC-2	R	0.056556
mhc2	ctx:ligC-2	S	0.062158
mhc2	ctx:ligC-2	T	0.045906
mhc2	ctx:ligC-2	V	0.073874
mhc2	ctx:ligC-2	W	0.007356
mhc2	ctx:ligC-2	Y	0.032357
mhc2	ctx:ligC-1	-	0.000003
mhc2	ctx:ligC-1	A	0.066472
mhc2	ctx:ligC-1	C	0.020800
mhc2	ctx:ligC-1	D	0.054669
mhc2	ctx:ligC-1	E	0.080160
mhc2	ctx:ligC-1	F	0.034750
mhc2	ctx:ligC-1	G	0.083648
mhc2	ctx:ligC-1	H	0.030124
mhc2	ctx:ligC-1	I	0.021726
mhc2	ctx:ligC-1	K	0.096816
mhc2	ctx:ligC-1	L	0.079516
mhc2	ctx:ligC-1	M	0.013691
mhc2	ctx:ligC-1	N	0.046098
mhc2	ctx:ligC-1	P	0.046773
mhc2	ctx:ligC-1	Q	0.057674
mhc2	ctx:ligC-1	R	0.076858
mhc2	ctx:ligC-1	S	0.062014
mhc2	ctx:ligC-1	T	0.054157
mhc2	ctx:ligC-1	V	0.039323
mhc2	ctx:ligC-1	W	0.006383
mhc2	ctx:ligC-1	Y	0.028343
mhc2	ctx:flankC+1	-	0.012684
mhc2	ctx:flankC+1	A	0.081262
mhc2	ctx:flankC+1	C	0.018926
mhc2	ctx:flankC+1	D	0.046001
mhc2	ctx:flankC+1	E	0.064529
mhc2	ctx:flankC+1	F	0.047258
mhc2	ctx:flankC+1	G	0.055573
mhc2	ctx:flankC+1	H	0.020127
mhc2	ctx:flankC+1	I	0.055450
mhc2	ctx:flankC+1	K	0.064275
mhc2	ctx:flankC+1	L	0.110816
mhc2	ctx:flankC+1	M	0.024714
mhc2	ctx:flankC+1	N	0.034494
mhc2	ctx:flankC+1	P	0.021387
mhc2	ctx:flankC+1	Q	0.041343
mhc2	ctx:flankC+1	R	0.053695
mhc2	ctx:flankC+1	S	0.071030
mhc2	ctx:flankC+1	T	0.051628
mhc2	ctx:flankC+1	U	0.000008
mhc2	ctx:flankC+1	V	0.077112
mhc2	ctx:flankC+1	W	0.012305
mhc2	ctx:flankC+1	Y	0.035384
mhc2	ctx:flankC+2	-	0.015984
mhc2	ctx:flankC+2	A	0.075159
mhc2	ctx:flankC+2	C	0.017001
mhc2	ctx:flankC+2	D	0.049924
mhc2	ctx:flankC+2	E	0.071108
mhc2	ctx:flankC+2	F	0.038147
mhc2	ctx:flankC+2	G	0.062820
mhc2	ctx:flankC+2	H	0.021432
mhc2	ctx:flankC+2	I	0.047780
mhc2	ctx:flankC+2	K	0.061609
mhc2	ctx:flankC+2	L	0.096116
mhc2	ctx:flankC+2	M	0.020566
mhc2	ctx:flankC+2	N	0.037631
mhc2	ctx:flankC+2	P	0.042289
mhc2	ctx:flankC+2	Q	0.046322
mhc2	ctx:flankC+2	R	0.053227
mhc2	ctx:flankC+2	S	0.070886
mhc2	ctx:flankC+2	T	0.055696
mhc2	ctx:flankC+2	U	0.000003
mhc2	ctx:flankC+2	V	0.070755
mhc2	ctx:flankC+2	W	0.013059
mhc2	ctx:flankC+2	Y	0.032488
mhc2	ctx:flankC+3	-	0.019795
mhc2	ctx:flankC+3	A	0.071958
mhc2	ctx:flankC+3	C	0.017597
mhc2	ctx:flankC+3	D	0.050505
mhc2	ctx:flankC+3	E	0.070704
mhc2	ctx:flankC+3	F	0.039232
mhc2	ctx:flankC+3	G	0.062531
mhc2	ctx:flankC+3	H	0.021419
mhc2	ctx:flankC+3	I	0.049491
mhc2	ctx:flankC+3	K	0.063293
mhc2	ctx:flankC+3	L	0.098555
mhc2	ctx:flankC+3	M	0.021248
mhc2	ctx:flankC+3	N	0.036796
mhc2	ctx:flankC+3	P	0.044629
mhc2	ctx:flankC+3	Q	0.045001
mhc2	ctx:flankC+3	R	0.050842
mhc2	ctx:flankC+3	S	0.069041
mhc2	ctx:flankC+3	T	0.051992
mhc2	ctx:flankC+3	V	0.070894
mhc2	ctx:flankC+3	W	0.012631
mhc2	ctx:flankC+3	X	0.000003
mhc2	ctx:flankC+3	Y	0.031843
mhc2	len	12	0.068160
mhc2	len	13	0.108172
mhc2	len	14	0.150024
mhc2	len	15	0.173171
mhc2	len	16	0.161200
mhc2	len	17	0.123737
mhc2	len	18	0.084530
mhc2	len	19	0.057818
mhc2	len	20	0.041943
mhc2	len	21	0.031245
